0000_F,-1.,0.,0.,0.,1.,0.,-0.,0.,-1.,0.,0.,50.
0000_R,-0.,0.,-1.,0.,1.,0.,1.,0.,-0.,0.,0.,50.
0000_B,1.,0.,0.,0.,1.,0.,0.,0.,1.,0.,0.,50.
0000_L,0.,0.,1.,0.,1.,0.,-1.,0.,0.,0.,0.,50.
0000_U,0.,0.,1.,1.,0.,0.,0.,1.,0.,0.,0.,50.
0000_D,0.,0.,1.,-1.,0.,0.,0.,-1.,0.,0.,0.,50.
0001_F,-1.,0.,0.,0.,1.,0.,-0.,0.,-1.,30.,0.,40.
0001_R,-0.,0.,-1.,0.,1.,0.,1.,0.,-0.,30.,0.,40.
0001_B,1.,0.,0.,0.,1.,0.,0.,0.,1.,30.,0.,40.
0001_L,0.,0.,1.,0.,1.,0.,-1.,0.,0.,30.,0.,40.
0001_U,0.,0.,1.,1.,0.,0.,0.,1.,0.,30.,0.,40.
0001_D,0.,0.,1.,-1.,0.,0.,0.,-1.,0.,30.,0.,40.
0002_F,-1.,0.,0.,0.,1.,0.,-0.,0.,-1.,20.,0.,40.
0002_R,-0.,0.,-1.,0.,1.,0.,1.,0.,-0.,20.,0.,40.
0002_B,1.,0.,0.,0.,1.,0.,0.,0.,1.,20.,0.,40.
0002_L,0.,0.,1.,0.,1.,0.,-1.,0.,0.,20.,0.,40.
0002_U,0.,0.,1.,1.,0.,0.,0.,1.,0.,20.,0.,40.
0002_D,0.,0.,1.,-1.,0.,0.,0.,-1.,0.,20.,0.,40.
0003_F,-1.,0.,0.,0.,1.,0.,-0.,0.,-1.,10.,0.,40.
0003_R,-0.,0.,-1.,0.,1.,0.,1.,0.,-0.,10.,0.,40.
0003_B,1.,0.,0.,0.,1.,0.,0.,0.,1.,10.,0.,40.
0003_L,0.,0.,1.,0.,1.,0.,-1.,0.,0.,10.,0.,40.
0003_U,0.,0.,1.,1.,0.,0.,0.,1.,0.,10.,0.,40.
0003_D,0.,0.,1.,-1.,0.,0.,0.,-1.,0.,10.,0.,40.
0004_F,-1.,0.,0.,0.,1.,0.,-0.,0.,-1.,0.,0.,40.
0004_R,-0.,0.,-1.,0.,1.,0.,1.,0.,-0.,0.,0.,40.
0004_B,1.,0.,0.,0.,1.,0.,0.,0.,1.,0.,0.,40.
0004_L,0.,0.,1.,0.,1.,0.,-1.,0.,0.,0.,0.,40.
0004_U,0.,0.,1.,1.,0.,0.,0.,1.,0.,0.,0.,40.
0004_D,0.,0.,1.,-1.,0.,0.,0.,-1.,0.,0.,0.,40.
0005_F,-1.,0.,0.,0.,1.,0.,-0.,0.,-1.,-10.,0.,40.
0005_R,-0.,0.,-1.,0.,1.,0.,1.,0.,-0.,-10.,0.,40.
0005_B,1.,0.,0.,0.,1.,0.,0.,0.,1.,-10.,0.,40.
0005_L,0.,0.,1.,0.,1.,0.,-1.,0.,0.,-10.,0.,40.
0005_U,0.,0.,1.,1.,0.,0.,0.,1.,0.,-10.,0.,40.
0005_D,0.,0.,1.,-1.,0.,0.,0.,-1.,0.,-10.,0.,40.
0006_F,-1.,0.,0.,0.,1.,0.,-0.,0.,-1.,-20.,0.,40.
0006_R,-0.,0.,-1.,0.,1.,0.,1.,0.,-0.,-20.,0.,40.
0006_B,1.,0.,0.,0.,1.,0.,0.,0.,1.,-20.,0.,40.
0006_L,0.,0.,1.,0.,1.,0.,-1.,0.,0.,-20.,0.,40.
0006_U,0.,0.,1.,1.,0.,0.,0.,1.,0.,-20.,0.,40.
0006_D,0.,0.,1.,-1.,0.,0.,0.,-1.,0.,-20.,0.,40.
0007_F,-1.,0.,0.,0.,1.,0.,-0.,0.,-1.,-30.,0.,40.
0007_R,-0.,0.,-1.,0.,1.,0.,1.,0.,-0.,-30.,0.,40.
0007_B,1.,0.,0.,0.,1.,0.,0.,0.,1.,-30.,0.,40.
0007_L,0.,0.,1.,0.,1.,0.,-1.,0.,0.,-30.,0.,40.
0007_U,0.,0.,1.,1.,0.,0.,0.,1.,0.,-30.,0.,40.
0007_D,0.,0.,1.,-1.,0.,0.,0.,-1.,0.,-30.,0.,40.
0008_F,-1.,0.,0.,0.,1.,0.,-0.,0.,-1.,40.,0.,30.
0008_R,-0.,0.,-1.,0.,1.,0.,1.,0.,-0.,40.,0.,30.
0008_B,1.,0.,0.,0.,1.,0.,0.,0.,1.,40.,0.,30.
0008_L,0.,0.,1.,0.,1.,0.,-1.,0.,0.,40.,0.,30.
0008_U,0.,0.,1.,1.,0.,0.,0.,1.,0.,40.,0.,30.
0008_D,0.,0.,1.,-1.,0.,0.,0.,-1.,0.,40.,0.,30.
0009_F,-1.,0.,0.,0.,1.,0.,-0.,0.,-1.,30.,0.,30.
0009_R,-0.,0.,-1.,0.,1.,0.,1.,0.,-0.,30.,0.,30.
0009_B,1.,0.,0.,0.,1.,0.,0.,0.,1.,30.,0.,30.
0009_L,0.,0.,1.,0.,1.,0.,-1.,0.,0.,30.,0.,30.
0009_U,0.,0.,1.,1.,0.,0.,0.,1.,0.,30.,0.,30.
0009_D,0.,0.,1.,-1.,0.,0.,0.,-1.,0.,30.,0.,30.
0010_F,-1.,0.,0.,0.,1.,0.,-0.,0.,-1.,20.,0.,30.
0010_R,-0.,0.,-1.,0.,1.,0.,1.,0.,-0.,20.,0.,30.
0010_B,1.,0.,0.,0.,1.,0.,0.,0.,1.,20.,0.,30.
0010_L,0.,0.,1.,0.,1.,0.,-1.,0.,0.,20.,0.,30.
0010_U,0.,0.,1.,1.,0.,0.,0.,1.,0.,20.,0.,30.
0010_D,0.,0.,1.,-1.,0.,0.,0.,-1.,0.,20.,0.,30.
0011_F,-1.,0.,0.,0.,1.,0.,-0.,0.,-1.,10.,0.,30.
0011_R,-0.,0.,-1.,0.,1.,0.,1.,0.,-0.,10.,0.,30.
0011_B,1.,0.,0.,0.,1.,0.,0.,0.,1.,10.,0.,30.
0011_L,0.,0.,1.,0.,1.,0.,-1.,0.,0.,10.,0.,30.
0011_U,0.,0.,1.,1.,0.,0.,0.,1.,0.,10.,0.,30.
0011_D,0.,0.,1.,-1.,0.,0.,0.,-1.,0.,10.,0.,30.
0012_F,-1.,0.,0.,0.,1.,0.,-0.,0.,-1.,0.,0.,30.
0012_R,-0.,0.,-1.,0.,1.,0.,1.,0.,-0.,0.,0.,30.
0012_B,1.,0.,0.,0.,1.,0.,0.,0.,1.,0.,0.,30.
0012_L,0.,0.,1.,0.,1.,0.,-1.,0.,0.,0.,0.,30.
0012_U,0.,0.,1.,1.,0.,0.,0.,1.,0.,0.,0.,30.
0012_D,0.,0.,1.,-1.,0.,0.,0.,-1.,0.,0.,0.,30.
0013_F,-1.,0.,0.,0.,1.,0.,-0.,0.,-1.,-10.,0.,30.
0013_R,-0.,0.,-1.,0.,1.,0.,1.,0.,-0.,-10.,0.,30.
0013_B,1.,0.,0.,0.,1.,0.,0.,0.,1.,-10.,0.,30.
0013_L,0.,0.,1.,0.,1.,0.,-1.,0.,0.,-10.,0.,30.
0013_U,0.,0.,1.,1.,0.,0.,0.,1.,0.,-10.,0.,30.
0013_D,0.,0.,1.,-1.,0.,0.,0.,-1.,0.,-10.,0.,30.
0014_F,-1.,0.,0.,0.,1.,0.,-0.,0.,-1.,-20.,0.,30.
0014_R,-0.,0.,-1.,0.,1.,0.,1.,0.,-0.,-20.,0.,30.
0014_B,1.,0.,0.,0.,1.,0.,0.,0.,1.,-20.,0.,30.
0014_L,0.,0.,1.,0.,1.,0.,-1.,0.,0.,-20.,0.,30.
0014_U,0.,0.,1.,1.,0.,0.,0.,1.,0.,-20.,0.,30.
0014_D,0.,0.,1.,-1.,0.,0.,0.,-1.,0.,-20.,0.,30.
0015_F,-1.,0.,0.,0.,1.,0.,-0.,0.,-1.,-30.,0.,30.
0015_R,-0.,0.,-1.,0.,1.,0.,1.,0.,-0.,-30.,0.,30.
0015_B,1.,0.,0.,0.,1.,0.,0.,0.,1.,-30.,0.,30.
0015_L,0.,0.,1.,0.,1.,0.,-1.,0.,0.,-30.,0.,30.
0015_U,0.,0.,1.,1.,0.,0.,0.,1.,0.,-30.,0.,30.
0015_D,0.,0.,1.,-1.,0.,0.,0.,-1.,0.,-30.,0.,30.
0016_F,-1.,0.,0.,0.,1.,0.,-0.,0.,-1.,-40.,0.,30.
0016_R,-0.,0.,-1.,0.,1.,0.,1.,0.,-0.,-40.,0.,30.
0016_B,1.,0.,0.,0.,1.,0.,0.,0.,1.,-40.,0.,30.
0016_L,0.,0.,1.,0.,1.,0.,-1.,0.,0.,-40.,0.,30.
0016_U,0.,0.,1.,1.,0.,0.,0.,1.,0.,-40.,0.,30.
0016_D,0.,0.,1.,-1.,0.,0.,0.,-1.,0.,-40.,0.,30.
0017_F,-1.,0.,0.,0.,1.,0.,-0.,0.,-1.,40.,0.,20.
0017_R,-0.,0.,-1.,0.,1.,0.,1.,0.,-0.,40.,0.,20.
0017_B,1.,0.,0.,0.,1.,0.,0.,0.,1.,40.,0.,20.
0017_L,0.,0.,1.,0.,1.,0.,-1.,0.,0.,40.,0.,20.
0017_U,0.,0.,1.,1.,0.,0.,0.,1.,0.,40.,0.,20.
0017_D,0.,0.,1.,-1.,0.,0.,0.,-1.,0.,40.,0.,20.
0018_F,-1.,0.,0.,0.,1.,0.,-0.,0.,-1.,30.,0.,20.
0018_R,-0.,0.,-1.,0.,1.,0.,1.,0.,-0.,30.,0.,20.
0018_B,1.,0.,0.,0.,1.,0.,0.,0.,1.,30.,0.,20.
0018_L,0.,0.,1.,0.,1.,0.,-1.,0.,0.,30.,0.,20.
0018_U,0.,0.,1.,1.,0.,0.,0.,1.,0.,30.,0.,20.
0018_D,0.,0.,1.,-1.,0.,0.,0.,-1.,0.,30.,0.,20.
0019_F,-1.,0.,0.,0.,1.,0.,-0.,0.,-1.,20.,0.,20.
0019_R,-0.,0.,-1.,0.,1.,0.,1.,0.,-0.,20.,0.,20.
0019_B,1.,0.,0.,0.,1.,0.,0.,0.,1.,20.,0.,20.
0019_L,0.,0.,1.,0.,1.,0.,-1.,0.,0.,20.,0.,20.
0019_U,0.,0.,1.,1.,0.,0.,0.,1.,0.,20.,0.,20.
0019_D,0.,0.,1.,-1.,0.,0.,0.,-1.,0.,20.,0.,20.
0020_F,-1.,0.,0.,0.,1.,0.,-0.,0.,-1.,10.,0.,20.
0020_R,-0.,0.,-1.,0.,1.,0.,1.,0.,-0.,10.,0.,20.
0020_B,1.,0.,0.,0.,1.,0.,0.,0.,1.,10.,0.,20.
0020_L,0.,0.,1.,0.,1.,0.,-1.,0.,0.,10.,0.,20.
0020_U,0.,0.,1.,1.,0.,0.,0.,1.,0.,10.,0.,20.
0020_D,0.,0.,1.,-1.,0.,0.,0.,-1.,0.,10.,0.,20.
0021_F,-1.,0.,0.,0.,1.,0.,-0.,0.,-1.,0.,0.,20.
0021_R,-0.,0.,-1.,0.,1.,0.,1.,0.,-0.,0.,0.,20.
0021_B,1.,0.,0.,0.,1.,0.,0.,0.,1.,0.,0.,20.
0021_L,0.,0.,1.,0.,1.,0.,-1.,0.,0.,0.,0.,20.
0021_U,0.,0.,1.,1.,0.,0.,0.,1.,0.,0.,0.,20.
0021_D,0.,0.,1.,-1.,0.,0.,0.,-1.,0.,0.,0.,20.
0022_F,-1.,0.,0.,0.,1.,0.,-0.,0.,-1.,-10.,0.,20.
0022_R,-0.,0.,-1.,0.,1.,0.,1.,0.,-0.,-10.,0.,20.
0022_B,1.,0.,0.,0.,1.,0.,0.,0.,1.,-10.,0.,20.
0022_L,0.,0.,1.,0.,1.,0.,-1.,0.,0.,-10.,0.,20.
0022_U,0.,0.,1.,1.,0.,0.,0.,1.,0.,-10.,0.,20.
0022_D,0.,0.,1.,-1.,0.,0.,0.,-1.,0.,-10.,0.,20.
0023_F,-1.,0.,0.,0.,1.,0.,-0.,0.,-1.,-20.,0.,20.
0023_R,-0.,0.,-1.,0.,1.,0.,1.,0.,-0.,-20.,0.,20.
0023_B,1.,0.,0.,0.,1.,0.,0.,0.,1.,-20.,0.,20.
0023_L,0.,0.,1.,0.,1.,0.,-1.,0.,0.,-20.,0.,20.
0023_U,0.,0.,1.,1.,0.,0.,0.,1.,0.,-20.,0.,20.
0023_D,0.,0.,1.,-1.,0.,0.,0.,-1.,0.,-20.,0.,20.
0024_F,-1.,0.,0.,0.,1.,0.,-0.,0.,-1.,-30.,0.,20.
0024_R,-0.,0.,-1.,0.,1.,0.,1.,0.,-0.,-30.,0.,20.
0024_B,1.,0.,0.,0.,1.,0.,0.,0.,1.,-30.,0.,20.
0024_L,0.,0.,1.,0.,1.,0.,-1.,0.,0.,-30.,0.,20.
0024_U,0.,0.,1.,1.,0.,0.,0.,1.,0.,-30.,0.,20.
0024_D,0.,0.,1.,-1.,0.,0.,0.,-1.,0.,-30.,0.,20.
0025_F,-1.,0.,0.,0.,1.,0.,-0.,0.,-1.,-40.,0.,20.
0025_R,-0.,0.,-1.,0.,1.,0.,1.,0.,-0.,-40.,0.,20.
0025_B,1.,0.,0.,0.,1.,0.,0.,0.,1.,-40.,0.,20.
0025_L,0.,0.,1.,0.,1.,0.,-1.,0.,0.,-40.,0.,20.
0025_U,0.,0.,1.,1.,0.,0.,0.,1.,0.,-40.,0.,20.
0025_D,0.,0.,1.,-1.,0.,0.,0.,-1.,0.,-40.,0.,20.
0026_F,-1.,0.,0.,0.,1.,0.,-0.,0.,-1.,40.,0.,10.
0026_R,-0.,0.,-1.,0.,1.,0.,1.,0.,-0.,40.,0.,10.
0026_B,1.,0.,0.,0.,1.,0.,0.,0.,1.,40.,0.,10.
0026_L,0.,0.,1.,0.,1.,0.,-1.,0.,0.,40.,0.,10.
0026_U,0.,0.,1.,1.,0.,0.,0.,1.,0.,40.,0.,10.
0026_D,0.,0.,1.,-1.,0.,0.,0.,-1.,0.,40.,0.,10.
0027_F,-1.,0.,0.,0.,1.,0.,-0.,0.,-1.,30.,0.,10.
0027_R,-0.,0.,-1.,0.,1.,0.,1.,0.,-0.,30.,0.,10.
0027_B,1.,0.,0.,0.,1.,0.,0.,0.,1.,30.,0.,10.
0027_L,0.,0.,1.,0.,1.,0.,-1.,0.,0.,30.,0.,10.
0027_U,0.,0.,1.,1.,0.,0.,0.,1.,0.,30.,0.,10.
0027_D,0.,0.,1.,-1.,0.,0.,0.,-1.,0.,30.,0.,10.
0028_F,-1.,0.,0.,0.,1.,0.,-0.,0.,-1.,20.,0.,10.
0028_R,-0.,0.,-1.,0.,1.,0.,1.,0.,-0.,20.,0.,10.
0028_B,1.,0.,0.,0.,1.,0.,0.,0.,1.,20.,0.,10.
0028_L,0.,0.,1.,0.,1.,0.,-1.,0.,0.,20.,0.,10.
0028_U,0.,0.,1.,1.,0.,0.,0.,1.,0.,20.,0.,10.
0028_D,0.,0.,1.,-1.,0.,0.,0.,-1.,0.,20.,0.,10.
0029_F,-1.,0.,0.,0.,1.,0.,-0.,0.,-1.,10.,0.,10.
0029_R,-0.,0.,-1.,0.,1.,0.,1.,0.,-0.,10.,0.,10.
0029_B,1.,0.,0.,0.,1.,0.,0.,0.,1.,10.,0.,10.
0029_L,0.,0.,1.,0.,1.,0.,-1.,0.,0.,10.,0.,10.
0029_U,0.,0.,1.,1.,0.,0.,0.,1.,0.,10.,0.,10.
0029_D,0.,0.,1.,-1.,0.,0.,0.,-1.,0.,10.,0.,10.
0030_F,-1.,0.,0.,0.,1.,0.,-0.,0.,-1.,0.,0.,10.
0030_R,-0.,0.,-1.,0.,1.,0.,1.,0.,-0.,0.,0.,10.
0030_B,1.,0.,0.,0.,1.,0.,0.,0.,1.,0.,0.,10.
0030_L,0.,0.,1.,0.,1.,0.,-1.,0.,0.,0.,0.,10.
0030_U,0.,0.,1.,1.,0.,0.,0.,1.,0.,0.,0.,10.
0030_D,0.,0.,1.,-1.,0.,0.,0.,-1.,0.,0.,0.,10.
0031_F,-1.,0.,0.,0.,1.,0.,-0.,0.,-1.,-10.,0.,10.
0031_R,-0.,0.,-1.,0.,1.,0.,1.,0.,-0.,-10.,0.,10.
0031_B,1.,0.,0.,0.,1.,0.,0.,0.,1.,-10.,0.,10.
0031_L,0.,0.,1.,0.,1.,0.,-1.,0.,0.,-10.,0.,10.
0031_U,0.,0.,1.,1.,0.,0.,0.,1.,0.,-10.,0.,10.
0031_D,0.,0.,1.,-1.,0.,0.,0.,-1.,0.,-10.,0.,10.
0032_F,-1.,0.,0.,0.,1.,0.,-0.,0.,-1.,-20.,0.,10.
0032_R,-0.,0.,-1.,0.,1.,0.,1.,0.,-0.,-20.,0.,10.
0032_B,1.,0.,0.,0.,1.,0.,0.,0.,1.,-20.,0.,10.
0032_L,0.,0.,1.,0.,1.,0.,-1.,0.,0.,-20.,0.,10.
0032_U,0.,0.,1.,1.,0.,0.,0.,1.,0.,-20.,0.,10.
0032_D,0.,0.,1.,-1.,0.,0.,0.,-1.,0.,-20.,0.,10.
0033_F,-1.,0.,0.,0.,1.,0.,-0.,0.,-1.,-30.,0.,10.
0033_R,-0.,0.,-1.,0.,1.,0.,1.,0.,-0.,-30.,0.,10.
0033_B,1.,0.,0.,0.,1.,0.,0.,0.,1.,-30.,0.,10.
0033_L,0.,0.,1.,0.,1.,0.,-1.,0.,0.,-30.,0.,10.
0033_U,0.,0.,1.,1.,0.,0.,0.,1.,0.,-30.,0.,10.
0033_D,0.,0.,1.,-1.,0.,0.,0.,-1.,0.,-30.,0.,10.
0034_F,-1.,0.,0.,0.,1.,0.,-0.,0.,-1.,-40.,0.,10.
0034_R,-0.,0.,-1.,0.,1.,0.,1.,0.,-0.,-40.,0.,10.
0034_B,1.,0.,0.,0.,1.,0.,0.,0.,1.,-40.,0.,10.
0034_L,0.,0.,1.,0.,1.,0.,-1.,0.,0.,-40.,0.,10.
0034_U,0.,0.,1.,1.,0.,0.,0.,1.,0.,-40.,0.,10.
0034_D,0.,0.,1.,-1.,0.,0.,0.,-1.,0.,-40.,0.,10.
0035_F,-1.,0.,0.,0.,1.,0.,-0.,0.,-1.,50.,0.,-0.
0035_R,-0.,0.,-1.,0.,1.,0.,1.,0.,-0.,50.,0.,-0.
0035_B,1.,0.,0.,0.,1.,0.,0.,0.,1.,50.,0.,-0.
0035_L,0.,0.,1.,0.,1.,0.,-1.,0.,0.,50.,0.,-0.
0035_U,0.,0.,1.,1.,0.,0.,0.,1.,0.,50.,0.,-0.
0035_D,0.,0.,1.,-1.,0.,0.,0.,-1.,0.,50.,0.,-0.
0036_F,-1.,0.,0.,0.,1.,0.,-0.,0.,-1.,40.,0.,-0.
0036_R,-0.,0.,-1.,0.,1.,0.,1.,0.,-0.,40.,0.,-0.
0036_B,1.,0.,0.,0.,1.,0.,0.,0.,1.,40.,0.,-0.
0036_L,0.,0.,1.,0.,1.,0.,-1.,0.,0.,40.,0.,-0.
0036_U,0.,0.,1.,1.,0.,0.,0.,1.,0.,40.,0.,-0.
0036_D,0.,0.,1.,-1.,0.,0.,0.,-1.,0.,40.,0.,-0.
0037_F,-1.,0.,0.,0.,1.,0.,-0.,0.,-1.,30.,0.,-0.
0037_R,-0.,0.,-1.,0.,1.,0.,1.,0.,-0.,30.,0.,-0.
0037_B,1.,0.,0.,0.,1.,0.,0.,0.,1.,30.,0.,-0.
0037_L,0.,0.,1.,0.,1.,0.,-1.,0.,0.,30.,0.,-0.
0037_U,0.,0.,1.,1.,0.,0.,0.,1.,0.,30.,0.,-0.
0037_D,0.,0.,1.,-1.,0.,0.,0.,-1.,0.,30.,0.,-0.
0038_F,-1.,0.,0.,0.,1.,0.,-0.,0.,-1.,20.,0.,-0.
0038_R,-0.,0.,-1.,0.,1.,0.,1.,0.,-0.,20.,0.,-0.
0038_B,1.,0.,0.,0.,1.,0.,0.,0.,1.,20.,0.,-0.
0038_L,0.,0.,1.,0.,1.,0.,-1.,0.,0.,20.,0.,-0.
0038_U,0.,0.,1.,1.,0.,0.,0.,1.,0.,20.,0.,-0.
0038_D,0.,0.,1.,-1.,0.,0.,0.,-1.,0.,20.,0.,-0.
0039_F,-1.,0.,0.,0.,1.,0.,-0.,0.,-1.,10.,0.,-0.
0039_R,-0.,0.,-1.,0.,1.,0.,1.,0.,-0.,10.,0.,-0.
0039_B,1.,0.,0.,0.,1.,0.,0.,0.,1.,10.,0.,-0.
0039_L,0.,0.,1.,0.,1.,0.,-1.,0.,0.,10.,0.,-0.
0039_U,0.,0.,1.,1.,0.,0.,0.,1.,0.,10.,0.,-0.
0039_D,0.,0.,1.,-1.,0.,0.,0.,-1.,0.,10.,0.,-0.
0040_F,-1.,0.,0.,0.,1.,0.,-0.,0.,-1.,0.,0.,-0.
0040_R,-0.,0.,-1.,0.,1.,0.,1.,0.,-0.,0.,0.,-0.
0040_B,1.,0.,0.,0.,1.,0.,0.,0.,1.,0.,0.,-0.
0040_L,0.,0.,1.,0.,1.,0.,-1.,0.,0.,0.,0.,-0.
0040_U,0.,0.,1.,1.,0.,0.,0.,1.,0.,0.,0.,-0.
0040_D,0.,0.,1.,-1.,0.,0.,0.,-1.,0.,0.,0.,-0.
0041_F,-1.,0.,0.,0.,1.,0.,-0.,0.,-1.,-10.,0.,-0.
0041_R,-0.,0.,-1.,0.,1.,0.,1.,0.,-0.,-10.,0.,-0.
0041_B,1.,0.,0.,0.,1.,0.,0.,0.,1.,-10.,0.,-0.
0041_L,0.,0.,1.,0.,1.,0.,-1.,0.,0.,-10.,0.,-0.
0041_U,0.,0.,1.,1.,0.,0.,0.,1.,0.,-10.,0.,-0.
0041_D,0.,0.,1.,-1.,0.,0.,0.,-1.,0.,-10.,0.,-0.
0042_F,-1.,0.,0.,0.,1.,0.,-0.,0.,-1.,-20.,0.,-0.
0042_R,-0.,0.,-1.,0.,1.,0.,1.,0.,-0.,-20.,0.,-0.
0042_B,1.,0.,0.,0.,1.,0.,0.,0.,1.,-20.,0.,-0.
0042_L,0.,0.,1.,0.,1.,0.,-1.,0.,0.,-20.,0.,-0.
0042_U,0.,0.,1.,1.,0.,0.,0.,1.,0.,-20.,0.,-0.
0042_D,0.,0.,1.,-1.,0.,0.,0.,-1.,0.,-20.,0.,-0.
0043_F,-1.,0.,0.,0.,1.,0.,-0.,0.,-1.,-30.,0.,-0.
0043_R,-0.,0.,-1.,0.,1.,0.,1.,0.,-0.,-30.,0.,-0.
0043_B,1.,0.,0.,0.,1.,0.,0.,0.,1.,-30.,0.,-0.
0043_L,0.,0.,1.,0.,1.,0.,-1.,0.,0.,-30.,0.,-0.
0043_U,0.,0.,1.,1.,0.,0.,0.,1.,0.,-30.,0.,-0.
0043_D,0.,0.,1.,-1.,0.,0.,0.,-1.,0.,-30.,0.,-0.
0044_F,-1.,0.,0.,0.,1.,0.,-0.,0.,-1.,-40.,0.,-0.
0044_R,-0.,0.,-1.,0.,1.,0.,1.,0.,-0.,-40.,0.,-0.
0044_B,1.,0.,0.,0.,1.,0.,0.,0.,1.,-40.,0.,-0.
0044_L,0.,0.,1.,0.,1.,0.,-1.,0.,0.,-40.,0.,-0.
0044_U,0.,0.,1.,1.,0.,0.,0.,1.,0.,-40.,0.,-0.
0044_D,0.,0.,1.,-1.,0.,0.,0.,-1.,0.,-40.,0.,-0.
0045_F,-1.,0.,0.,0.,1.,0.,-0.,0.,-1.,-50.,0.,-0.
0045_R,-0.,0.,-1.,0.,1.,0.,1.,0.,-0.,-50.,0.,-0.
0045_B,1.,0.,0.,0.,1.,0.,0.,0.,1.,-50.,0.,-0.
0045_L,0.,0.,1.,0.,1.,0.,-1.,0.,0.,-50.,0.,-0.
0045_U,0.,0.,1.,1.,0.,0.,0.,1.,0.,-50.,0.,-0.
0045_D,0.,0.,1.,-1.,0.,0.,0.,-1.,0.,-50.,0.,-0.
0046_F,-1.,0.,0.,0.,1.,0.,-0.,0.,-1.,40.,0.,-10.
0046_R,-0.,0.,-1.,0.,1.,0.,1.,0.,-0.,40.,0.,-10.
0046_B,1.,0.,0.,0.,1.,0.,0.,0.,1.,40.,0.,-10.
0046_L,0.,0.,1.,0.,1.,0.,-1.,0.,0.,40.,0.,-10.
0046_U,0.,0.,1.,1.,0.,0.,0.,1.,0.,40.,0.,-10.
0046_D,0.,0.,1.,-1.,0.,0.,0.,-1.,0.,40.,0.,-10.
0047_F,-1.,0.,0.,0.,1.,0.,-0.,0.,-1.,30.,0.,-10.
0047_R,-0.,0.,-1.,0.,1.,0.,1.,0.,-0.,30.,0.,-10.
0047_B,1.,0.,0.,0.,1.,0.,0.,0.,1.,30.,0.,-10.
0047_L,0.,0.,1.,0.,1.,0.,-1.,0.,0.,30.,0.,-10.
0047_U,0.,0.,1.,1.,0.,0.,0.,1.,0.,30.,0.,-10.
0047_D,0.,0.,1.,-1.,0.,0.,0.,-1.,0.,30.,0.,-10.
0048_F,-1.,0.,0.,0.,1.,0.,-0.,0.,-1.,20.,0.,-10.
0048_R,-0.,0.,-1.,0.,1.,0.,1.,0.,-0.,20.,0.,-10.
0048_B,1.,0.,0.,0.,1.,0.,0.,0.,1.,20.,0.,-10.
0048_L,0.,0.,1.,0.,1.,0.,-1.,0.,0.,20.,0.,-10.
0048_U,0.,0.,1.,1.,0.,0.,0.,1.,0.,20.,0.,-10.
0048_D,0.,0.,1.,-1.,0.,0.,0.,-1.,0.,20.,0.,-10.
0049_F,-1.,0.,0.,0.,1.,0.,-0.,0.,-1.,10.,0.,-10.
0049_R,-0.,0.,-1.,0.,1.,0.,1.,0.,-0.,10.,0.,-10.
0049_B,1.,0.,0.,0.,1.,0.,0.,0.,1.,10.,0.,-10.
0049_L,0.,0.,1.,0.,1.,0.,-1.,0.,0.,10.,0.,-10.
0049_U,0.,0.,1.,1.,0.,0.,0.,1.,0.,10.,0.,-10.
0049_D,0.,0.,1.,-1.,0.,0.,0.,-1.,0.,10.,0.,-10.
0050_F,-1.,0.,0.,0.,1.,0.,-0.,0.,-1.,0.,0.,-10.
0050_R,-0.,0.,-1.,0.,1.,0.,1.,0.,-0.,0.,0.,-10.
0050_B,1.,0.,0.,0.,1.,0.,0.,0.,1.,0.,0.,-10.
0050_L,0.,0.,1.,0.,1.,0.,-1.,0.,0.,0.,0.,-10.
0050_U,0.,0.,1.,1.,0.,0.,0.,1.,0.,0.,0.,-10.
0050_D,0.,0.,1.,-1.,0.,0.,0.,-1.,0.,0.,0.,-10.
0051_F,-1.,0.,0.,0.,1.,0.,-0.,0.,-1.,-10.,0.,-10.
0051_R,-0.,0.,-1.,0.,1.,0.,1.,0.,-0.,-10.,0.,-10.
0051_B,1.,0.,0.,0.,1.,0.,0.,0.,1.,-10.,0.,-10.
0051_L,0.,0.,1.,0.,1.,0.,-1.,0.,0.,-10.,0.,-10.
0051_U,0.,0.,1.,1.,0.,0.,0.,1.,0.,-10.,0.,-10.
0051_D,0.,0.,1.,-1.,0.,0.,0.,-1.,0.,-10.,0.,-10.
0052_F,-1.,0.,0.,0.,1.,0.,-0.,0.,-1.,-20.,0.,-10.
0052_R,-0.,0.,-1.,0.,1.,0.,1.,0.,-0.,-20.,0.,-10.
0052_B,1.,0.,0.,0.,1.,0.,0.,0.,1.,-20.,0.,-10.
0052_L,0.,0.,1.,0.,1.,0.,-1.,0.,0.,-20.,0.,-10.
0052_U,0.,0.,1.,1.,0.,0.,0.,1.,0.,-20.,0.,-10.
0052_D,0.,0.,1.,-1.,0.,0.,0.,-1.,0.,-20.,0.,-10.
0053_F,-1.,0.,0.,0.,1.,0.,-0.,0.,-1.,-30.,0.,-10.
0053_R,-0.,0.,-1.,0.,1.,0.,1.,0.,-0.,-30.,0.,-10.
0053_B,1.,0.,0.,0.,1.,0.,0.,0.,1.,-30.,0.,-10.
0053_L,0.,0.,1.,0.,1.,0.,-1.,0.,0.,-30.,0.,-10.
0053_U,0.,0.,1.,1.,0.,0.,0.,1.,0.,-30.,0.,-10.
0053_D,0.,0.,1.,-1.,0.,0.,0.,-1.,0.,-30.,0.,-10.
0054_F,-1.,0.,0.,0.,1.,0.,-0.,0.,-1.,-40.,0.,-10.
0054_R,-0.,0.,-1.,0.,1.,0.,1.,0.,-0.,-40.,0.,-10.
0054_B,1.,0.,0.,0.,1.,0.,0.,0.,1.,-40.,0.,-10.
0054_L,0.,0.,1.,0.,1.,0.,-1.,0.,0.,-40.,0.,-10.
0054_U,0.,0.,1.,1.,0.,0.,0.,1.,0.,-40.,0.,-10.
0054_D,0.,0.,1.,-1.,0.,0.,0.,-1.,0.,-40.,0.,-10.
0055_F,-1.,0.,0.,0.,1.,0.,-0.,0.,-1.,40.,0.,-20.
0055_R,-0.,0.,-1.,0.,1.,0.,1.,0.,-0.,40.,0.,-20.
0055_B,1.,0.,0.,0.,1.,0.,0.,0.,1.,40.,0.,-20.
0055_L,0.,0.,1.,0.,1.,0.,-1.,0.,0.,40.,0.,-20.
0055_U,0.,0.,1.,1.,0.,0.,0.,1.,0.,40.,0.,-20.
0055_D,0.,0.,1.,-1.,0.,0.,0.,-1.,0.,40.,0.,-20.
0056_F,-1.,0.,0.,0.,1.,0.,-0.,0.,-1.,30.,0.,-20.
0056_R,-0.,0.,-1.,0.,1.,0.,1.,0.,-0.,30.,0.,-20.
0056_B,1.,0.,0.,0.,1.,0.,0.,0.,1.,30.,0.,-20.
0056_L,0.,0.,1.,0.,1.,0.,-1.,0.,0.,30.,0.,-20.
0056_U,0.,0.,1.,1.,0.,0.,0.,1.,0.,30.,0.,-20.
0056_D,0.,0.,1.,-1.,0.,0.,0.,-1.,0.,30.,0.,-20.
0057_F,-1.,0.,0.,0.,1.,0.,-0.,0.,-1.,20.,0.,-20.
0057_R,-0.,0.,-1.,0.,1.,0.,1.,0.,-0.,20.,0.,-20.
0057_B,1.,0.,0.,0.,1.,0.,0.,0.,1.,20.,0.,-20.
0057_L,0.,0.,1.,0.,1.,0.,-1.,0.,0.,20.,0.,-20.
0057_U,0.,0.,1.,1.,0.,0.,0.,1.,0.,20.,0.,-20.
0057_D,0.,0.,1.,-1.,0.,0.,0.,-1.,0.,20.,0.,-20.
0058_F,-1.,0.,0.,0.,1.,0.,-0.,0.,-1.,10.,0.,-20.
0058_R,-0.,0.,-1.,0.,1.,0.,1.,0.,-0.,10.,0.,-20.
0058_B,1.,0.,0.,0.,1.,0.,0.,0.,1.,10.,0.,-20.
0058_L,0.,0.,1.,0.,1.,0.,-1.,0.,0.,10.,0.,-20.
0058_U,0.,0.,1.,1.,0.,0.,0.,1.,0.,10.,0.,-20.
0058_D,0.,0.,1.,-1.,0.,0.,0.,-1.,0.,10.,0.,-20.
0059_F,-1.,0.,0.,0.,1.,0.,-0.,0.,-1.,0.,0.,-20.
0059_R,-0.,0.,-1.,0.,1.,0.,1.,0.,-0.,0.,0.,-20.
0059_B,1.,0.,0.,0.,1.,0.,0.,0.,1.,0.,0.,-20.
0059_L,0.,0.,1.,0.,1.,0.,-1.,0.,0.,0.,0.,-20.
0059_U,0.,0.,1.,1.,0.,0.,0.,1.,0.,0.,0.,-20.
0059_D,0.,0.,1.,-1.,0.,0.,0.,-1.,0.,0.,0.,-20.
0060_F,-1.,0.,0.,0.,1.,0.,-0.,0.,-1.,-10.,0.,-20.
0060_R,-0.,0.,-1.,0.,1.,0.,1.,0.,-0.,-10.,0.,-20.
0060_B,1.,0.,0.,0.,1.,0.,0.,0.,1.,-10.,0.,-20.
0060_L,0.,0.,1.,0.,1.,0.,-1.,0.,0.,-10.,0.,-20.
0060_U,0.,0.,1.,1.,0.,0.,0.,1.,0.,-10.,0.,-20.
0060_D,0.,0.,1.,-1.,0.,0.,0.,-1.,0.,-10.,0.,-20.
0061_F,-1.,0.,0.,0.,1.,0.,-0.,0.,-1.,-20.,0.,-20.
0061_R,-0.,0.,-1.,0.,1.,0.,1.,0.,-0.,-20.,0.,-20.
0061_B,1.,0.,0.,0.,1.,0.,0.,0.,1.,-20.,0.,-20.
0061_L,0.,0.,1.,0.,1.,0.,-1.,0.,0.,-20.,0.,-20.
0061_U,0.,0.,1.,1.,0.,0.,0.,1.,0.,-20.,0.,-20.
0061_D,0.,0.,1.,-1.,0.,0.,0.,-1.,0.,-20.,0.,-20.
0062_F,-1.,0.,0.,0.,1.,0.,-0.,0.,-1.,-30.,0.,-20.
0062_R,-0.,0.,-1.,0.,1.,0.,1.,0.,-0.,-30.,0.,-20.
0062_B,1.,0.,0.,0.,1.,0.,0.,0.,1.,-30.,0.,-20.
0062_L,0.,0.,1.,0.,1.,0.,-1.,0.,0.,-30.,0.,-20.
0062_U,0.,0.,1.,1.,0.,0.,0.,1.,0.,-30.,0.,-20.
0062_D,0.,0.,1.,-1.,0.,0.,0.,-1.,0.,-30.,0.,-20.
0063_F,-1.,0.,0.,0.,1.,0.,-0.,0.,-1.,-40.,0.,-20.
0063_R,-0.,0.,-1.,0.,1.,0.,1.,0.,-0.,-40.,0.,-20.
0063_B,1.,0.,0.,0.,1.,0.,0.,0.,1.,-40.,0.,-20.
0063_L,0.,0.,1.,0.,1.,0.,-1.,0.,0.,-40.,0.,-20.
0063_U,0.,0.,1.,1.,0.,0.,0.,1.,0.,-40.,0.,-20.
0063_D,0.,0.,1.,-1.,0.,0.,0.,-1.,0.,-40.,0.,-20.
0064_F,-1.,0.,0.,0.,1.,0.,-0.,0.,-1.,40.,0.,-30.
0064_R,-0.,0.,-1.,0.,1.,0.,1.,0.,-0.,40.,0.,-30.
0064_B,1.,0.,0.,0.,1.,0.,0.,0.,1.,40.,0.,-30.
0064_L,0.,0.,1.,0.,1.,0.,-1.,0.,0.,40.,0.,-30.
0064_U,0.,0.,1.,1.,0.,0.,0.,1.,0.,40.,0.,-30.
0064_D,0.,0.,1.,-1.,0.,0.,0.,-1.,0.,40.,0.,-30.
0065_F,-1.,0.,0.,0.,1.,0.,-0.,0.,-1.,30.,0.,-30.
0065_R,-0.,0.,-1.,0.,1.,0.,1.,0.,-0.,30.,0.,-30.
0065_B,1.,0.,0.,0.,1.,0.,0.,0.,1.,30.,0.,-30.
0065_L,0.,0.,1.,0.,1.,0.,-1.,0.,0.,30.,0.,-30.
0065_U,0.,0.,1.,1.,0.,0.,0.,1.,0.,30.,0.,-30.
0065_D,0.,0.,1.,-1.,0.,0.,0.,-1.,0.,30.,0.,-30.
0066_F,-1.,0.,0.,0.,1.,0.,-0.,0.,-1.,20.,0.,-30.
0066_R,-0.,0.,-1.,0.,1.,0.,1.,0.,-0.,20.,0.,-30.
0066_B,1.,0.,0.,0.,1.,0.,0.,0.,1.,20.,0.,-30.
0066_L,0.,0.,1.,0.,1.,0.,-1.,0.,0.,20.,0.,-30.
0066_U,0.,0.,1.,1.,0.,0.,0.,1.,0.,20.,0.,-30.
0066_D,0.,0.,1.,-1.,0.,0.,0.,-1.,0.,20.,0.,-30.
0067_F,-1.,0.,0.,0.,1.,0.,-0.,0.,-1.,10.,0.,-30.
0067_R,-0.,0.,-1.,0.,1.,0.,1.,0.,-0.,10.,0.,-30.
0067_B,1.,0.,0.,0.,1.,0.,0.,0.,1.,10.,0.,-30.
0067_L,0.,0.,1.,0.,1.,0.,-1.,0.,0.,10.,0.,-30.
0067_U,0.,0.,1.,1.,0.,0.,0.,1.,0.,10.,0.,-30.
0067_D,0.,0.,1.,-1.,0.,0.,0.,-1.,0.,10.,0.,-30.
0068_F,-1.,0.,0.,0.,1.,0.,-0.,0.,-1.,0.,0.,-30.
0068_R,-0.,0.,-1.,0.,1.,0.,1.,0.,-0.,0.,0.,-30.
0068_B,1.,0.,0.,0.,1.,0.,0.,0.,1.,0.,0.,-30.
0068_L,0.,0.,1.,0.,1.,0.,-1.,0.,0.,0.,0.,-30.
0068_U,0.,0.,1.,1.,0.,0.,0.,1.,0.,0.,0.,-30.
0068_D,0.,0.,1.,-1.,0.,0.,0.,-1.,0.,0.,0.,-30.
0069_F,-1.,0.,0.,0.,1.,0.,-0.,0.,-1.,-10.,0.,-30.
0069_R,-0.,0.,-1.,0.,1.,0.,1.,0.,-0.,-10.,0.,-30.
0069_B,1.,0.,0.,0.,1.,0.,0.,0.,1.,-10.,0.,-30.
0069_L,0.,0.,1.,0.,1.,0.,-1.,0.,0.,-10.,0.,-30.
0069_U,0.,0.,1.,1.,0.,0.,0.,1.,0.,-10.,0.,-30.
0069_D,0.,0.,1.,-1.,0.,0.,0.,-1.,0.,-10.,0.,-30.
0070_F,-1.,0.,0.,0.,1.,0.,-0.,0.,-1.,-20.,0.,-30.
0070_R,-0.,0.,-1.,0.,1.,0.,1.,0.,-0.,-20.,0.,-30.
0070_B,1.,0.,0.,0.,1.,0.,0.,0.,1.,-20.,0.,-30.
0070_L,0.,0.,1.,0.,1.,0.,-1.,0.,0.,-20.,0.,-30.
0070_U,0.,0.,1.,1.,0.,0.,0.,1.,0.,-20.,0.,-30.
0070_D,0.,0.,1.,-1.,0.,0.,0.,-1.,0.,-20.,0.,-30.
0071_F,-1.,0.,0.,0.,1.,0.,-0.,0.,-1.,-30.,0.,-30.
0071_R,-0.,0.,-1.,0.,1.,0.,1.,0.,-0.,-30.,0.,-30.
0071_B,1.,0.,0.,0.,1.,0.,0.,0.,1.,-30.,0.,-30.
0071_L,0.,0.,1.,0.,1.,0.,-1.,0.,0.,-30.,0.,-30.
0071_U,0.,0.,1.,1.,0.,0.,0.,1.,0.,-30.,0.,-30.
0071_D,0.,0.,1.,-1.,0.,0.,0.,-1.,0.,-30.,0.,-30.
0072_F,-1.,0.,0.,0.,1.,0.,-0.,0.,-1.,-40.,0.,-30.
0072_R,-0.,0.,-1.,0.,1.,0.,1.,0.,-0.,-40.,0.,-30.
0072_B,1.,0.,0.,0.,1.,0.,0.,0.,1.,-40.,0.,-30.
0072_L,0.,0.,1.,0.,1.,0.,-1.,0.,0.,-40.,0.,-30.
0072_U,0.,0.,1.,1.,0.,0.,0.,1.,0.,-40.,0.,-30.
0072_D,0.,0.,1.,-1.,0.,0.,0.,-1.,0.,-40.,0.,-30.
0073_F,-1.,0.,0.,0.,1.,0.,-0.,0.,-1.,30.,0.,-40.
0073_R,-0.,0.,-1.,0.,1.,0.,1.,0.,-0.,30.,0.,-40.
0073_B,1.,0.,0.,0.,1.,0.,0.,0.,1.,30.,0.,-40.
0073_L,0.,0.,1.,0.,1.,0.,-1.,0.,0.,30.,0.,-40.
0073_U,0.,0.,1.,1.,0.,0.,0.,1.,0.,30.,0.,-40.
0073_D,0.,0.,1.,-1.,0.,0.,0.,-1.,0.,30.,0.,-40.
0074_F,-1.,0.,0.,0.,1.,0.,-0.,0.,-1.,20.,0.,-40.
0074_R,-0.,0.,-1.,0.,1.,0.,1.,0.,-0.,20.,0.,-40.
0074_B,1.,0.,0.,0.,1.,0.,0.,0.,1.,20.,0.,-40.
0074_L,0.,0.,1.,0.,1.,0.,-1.,0.,0.,20.,0.,-40.
0074_U,0.,0.,1.,1.,0.,0.,0.,1.,0.,20.,0.,-40.
0074_D,0.,0.,1.,-1.,0.,0.,0.,-1.,0.,20.,0.,-40.
0075_F,-1.,0.,0.,0.,1.,0.,-0.,0.,-1.,10.,0.,-40.
0075_R,-0.,0.,-1.,0.,1.,0.,1.,0.,-0.,10.,0.,-40.
0075_B,1.,0.,0.,0.,1.,0.,0.,0.,1.,10.,0.,-40.
0075_L,0.,0.,1.,0.,1.,0.,-1.,0.,0.,10.,0.,-40.
0075_U,0.,0.,1.,1.,0.,0.,0.,1.,0.,10.,0.,-40.
0075_D,0.,0.,1.,-1.,0.,0.,0.,-1.,0.,10.,0.,-40.
0076_F,-1.,0.,0.,0.,1.,0.,-0.,0.,-1.,0.,0.,-40.
0076_R,-0.,0.,-1.,0.,1.,0.,1.,0.,-0.,0.,0.,-40.
0076_B,1.,0.,0.,0.,1.,0.,0.,0.,1.,0.,0.,-40.
0076_L,0.,0.,1.,0.,1.,0.,-1.,0.,0.,0.,0.,-40.
0076_U,0.,0.,1.,1.,0.,0.,0.,1.,0.,0.,0.,-40.
0076_D,0.,0.,1.,-1.,0.,0.,0.,-1.,0.,0.,0.,-40.
0077_F,-1.,0.,0.,0.,1.,0.,-0.,0.,-1.,-10.,0.,-40.
0077_R,-0.,0.,-1.,0.,1.,0.,1.,0.,-0.,-10.,0.,-40.
0077_B,1.,0.,0.,0.,1.,0.,0.,0.,1.,-10.,0.,-40.
0077_L,0.,0.,1.,0.,1.,0.,-1.,0.,0.,-10.,0.,-40.
0077_U,0.,0.,1.,1.,0.,0.,0.,1.,0.,-10.,0.,-40.
0077_D,0.,0.,1.,-1.,0.,0.,0.,-1.,0.,-10.,0.,-40.
0078_F,-1.,0.,0.,0.,1.,0.,-0.,0.,-1.,-20.,0.,-40.
0078_R,-0.,0.,-1.,0.,1.,0.,1.,0.,-0.,-20.,0.,-40.
0078_B,1.,0.,0.,0.,1.,0.,0.,0.,1.,-20.,0.,-40.
0078_L,0.,0.,1.,0.,1.,0.,-1.,0.,0.,-20.,0.,-40.
0078_U,0.,0.,1.,1.,0.,0.,0.,1.,0.,-20.,0.,-40.
0078_D,0.,0.,1.,-1.,0.,0.,0.,-1.,0.,-20.,0.,-40.
0079_F,-1.,0.,0.,0.,1.,0.,-0.,0.,-1.,-30.,0.,-40.
0079_R,-0.,0.,-1.,0.,1.,0.,1.,0.,-0.,-30.,0.,-40.
0079_B,1.,0.,0.,0.,1.,0.,0.,0.,1.,-30.,0.,-40.
0079_L,0.,0.,1.,0.,1.,0.,-1.,0.,0.,-30.,0.,-40.
0079_U,0.,0.,1.,1.,0.,0.,0.,1.,0.,-30.,0.,-40.
0079_D,0.,0.,1.,-1.,0.,0.,0.,-1.,0.,-30.,0.,-40.
0080_F,-1.,0.,0.,0.,1.,0.,-0.,0.,-1.,0.,0.,-50.
0080_R,-0.,0.,-1.,0.,1.,0.,1.,0.,-0.,0.,0.,-50.
0080_B,1.,0.,0.,0.,1.,0.,0.,0.,1.,0.,0.,-50.
0080_L,0.,0.,1.,0.,1.,0.,-1.,0.,0.,0.,0.,-50.
0080_U,0.,0.,1.,1.,0.,0.,0.,1.,0.,0.,0.,-50.
0080_D,0.,0.,1.,-1.,0.,0.,0.,-1.,0.,0.,0.,-50.
